{
  "version": 1,
  "author": "Mahmoud Sayed",
  "editor": "wokwi",
  "parts": [
    { "type": "wokwi-arduino-uno", "id": "uno", "top": 106.2, "left": 28.2, "attrs": {} },
    {
      "type": "wokwi-lcd1602",
      "id": "lcd1",
      "top": -233.6,
      "left": 5.6,
      "attrs": { "pins": "i2c" }
    },
    { "type": "wokwi-ds1307", "id": "rtc1", "top": -15, "left": -220.7, "attrs": {} },
    {
      "type": "wokwi-buzzer",
      "id": "bz1",
      "top": -237.6,
      "left": 347.4,
      "attrs": { "volume": "0.1" }
    },
    { "type": "wokwi-membrane-keypad", "id": "keypad1", "top": -376.4, "left": 476, "attrs": {} }
  ],
  "connections": [
    [ "lcd1:GND", "uno:GND.1", "black", [ "h-288", "v297.6", "h412.8" ] ],
    [ "lcd1:VCC", "uno:5V", "red", [ "h-307.2", "v518.5", "h470.4" ] ],
    [ "lcd1:SDA", "uno:A4", "green", [ "h-326.4", "v528.2", "h576" ] ],
    [ "lcd1:SCL", "uno:A5", "green", [ "h-355.2", "v528.3", "h614.4" ] ],
    [ "rtc1:GND", "uno:GND.1", "black", [ "h-38.4", "v-28.8", "h9.6" ] ],
    [ "rtc1:5V", "uno:5V", "red", [ "h-9.6", "v306.8", "h403.2" ] ],
    [ "rtc1:SDA", "uno:A4", "green", [ "h-38.4", "v345.3", "h518.4" ] ],
    [ "rtc1:SCL", "uno:A5", "green", [ "h-48", "v-86.6", "h585.6", "v374.4" ] ],
    [ "bz1:1", "uno:GND.1", "green", [ "v249.6", "h-220.8", "v9.6", "h-9.6" ] ],
    [ "keypad1:R1", "uno:9", "green", [ "v9.6", "h-364.8" ] ],
    [ "keypad1:R2", "uno:8", "green", [ "v28.8", "h-384.4", "v-9.6" ] ],
    [ "keypad1:R3", "uno:7", "green", [ "v38.4", "h-384.3" ] ],
    [ "keypad1:R4", "uno:6", "green", [ "v48", "h-374.6" ] ],
    [ "keypad1:C1", "uno:5", "green", [ "v57.6", "h-374.5" ] ],
    [ "keypad1:C2", "uno:4", "green", [ "v67.2", "h-384" ] ],
    [ "keypad1:C3", "uno:3", "green", [ "v76.8", "h-374.55" ] ],
    [ "keypad1:C4", "uno:2", "green", [ "v86.4", "h-374.7" ] ],
    [ "bz1:2", "uno:10", "green", [ "v76.8", "h-202" ] ]
  ],
  "dependencies": {}
}